ticketno,type,eventinstanceid,custid,paid,active,checkedin,checkedin_ts,payment_intent,comments
1,0,1,7750,t,t,f,,,
2,0,1,884,t,t,f,,,
3,0,1,3970,t,t,f,,,
4,0,1,6980,t,t,f,,,
5,0,1,4290,t,t,f,,,
6,0,1,2546,t,t,f,,,
7,0,1,4687,t,t,f,,,
8,0,1,1361,t,t,f,,,
9,0,1,657,t,t,f,,,
10,0,1,7353,t,t,f,,,
11,0,1,7164,t,t,f,,,
12,0,1,6842,t,t,f,,,
13,0,1,3445,t,t,f,,,
14,0,1,7610,t,t,f,,,
15,0,1,4645,t,t,f,,,
16,0,1,773,t,t,f,,,
17,0,1,1768,t,t,f,,,
18,0,1,5232,t,t,f,,,
19,0,1,3903,t,t,f,,,
20,0,1,1414,t,t,f,,,
21,0,1,6542,t,t,f,,,
22,0,1,890,t,t,f,,,
23,0,1,1660,t,t,f,,,
24,0,1,2645,t,t,f,,,
25,0,1,7957,t,t,f,,,
26,0,1,265,t,t,f,,,
27,0,1,2136,t,t,f,,,
28,0,1,6274,t,t,f,,,
29,0,1,4276,t,t,f,,,
30,0,1,1773,t,t,f,,,
31,0,1,4913,t,t,f,,,
32,0,1,4838,t,t,f,,,
33,0,1,6308,t,t,f,,,
34,0,1,7011,t,t,f,,,
35,0,1,5996,t,t,f,,,
36,0,1,5935,t,t,f,,,
37,0,1,614,t,t,f,,,
38,0,1,5349,t,t,f,,,
39,0,1,1310,t,t,f,,,
40,0,1,6787,t,t,f,,,
41,0,1,7471,t,t,f,,,
42,0,1,6069,t,t,f,,,
43,0,1,1079,t,t,f,,,
44,0,1,6777,t,t,f,,,
45,0,1,5497,t,t,f,,,
46,0,1,5945,t,t,f,,,
47,0,1,1120,t,t,f,,,
48,0,1,450,t,t,f,,,
49,0,1,4357,t,t,f,,,
50,0,1,652,t,t,f,,,
51,0,1,6721,t,t,f,,,
52,0,1,4662,t,t,f,,,
53,0,1,4796,t,t,f,,,
54,0,1,3657,t,t,f,,,
55,0,1,7514,t,t,f,,,
56,0,1,243,t,t,f,,,
57,0,1,670,t,t,f,,,
58,0,1,6469,t,t,f,,,
59,0,1,772,t,t,f,,,
60,0,1,3410,t,t,f,,,
61,0,1,1511,t,t,f,,,
62,0,1,749,t,t,f,,,
63,0,1,3564,t,t,f,,,
64,0,1,5414,t,t,f,,,
65,0,1,3396,t,t,f,,,
480,0,8,1313,t,t,f,,,
481,0,8,1511,t,t,f,,,
482,0,8,7933,t,t,f,,,
483,0,8,4275,t,t,f,,,
484,0,8,5013,t,t,f,,,
485,0,8,7275,t,t,f,,,
486,0,8,105,t,t,f,,,
487,0,8,1782,t,t,f,,,
488,0,8,8147,t,t,f,,,
489,0,8,4803,t,t,f,,,
490,0,8,5733,t,t,f,,,
491,0,8,6752,t,t,f,,,
492,0,8,5022,t,t,f,,,
493,0,8,4885,t,t,f,,,
494,0,8,3857,t,t,f,,,
495,0,8,2619,t,t,f,,,
496,0,8,7084,t,t,f,,,
497,0,8,5653,t,t,f,,,
498,0,8,1049,t,t,f,,,
499,0,8,7685,t,t,f,,,
500,0,8,3208,t,t,f,,,
501,0,8,6587,t,t,f,,,
502,0,8,1328,t,t,f,,,
503,0,8,5009,t,t,f,,,
504,0,8,5174,t,t,f,,,
505,0,8,7269,t,t,f,,,
506,0,8,5520,t,t,f,,,
507,0,8,8154,t,t,f,,,
508,0,8,5484,t,t,f,,,
509,0,8,2277,t,t,f,,,
510,0,8,5249,t,t,f,,,
511,0,8,7932,t,t,f,,,
512,0,8,4765,t,t,f,,,
513,0,8,5469,t,t,f,,,
514,0,8,593,t,t,f,,,
515,0,8,7318,t,t,f,,,
516,0,8,5211,t,t,f,,,
517,0,8,580,t,t,f,,,
518,0,8,270,t,t,f,,,
519,0,8,386,t,t,f,,,
520,0,8,2009,t,t,f,,,
521,0,8,3142,t,t,f,,,
522,0,8,1610,t,t,f,,,
523,0,8,4894,t,t,f,,,
524,0,8,24,t,t,f,,,
525,0,8,5665,t,t,f,,,
526,0,8,7248,t,t,f,,,
527,0,8,7203,t,t,f,,,
528,0,8,6336,t,t,f,,,
529,0,8,4417,t,t,f,,,
530,0,8,7656,t,t,f,,,
531,0,8,3781,t,t,f,,,
532,0,8,5223,t,t,f,,,
533,0,8,3961,t,t,f,,,
534,0,8,577,t,t,f,,,
535,0,8,5616,t,t,f,,,
536,0,8,4376,t,t,f,,,
537,0,8,5700,t,t,f,,,
538,0,8,1989,t,t,f,,,
539,0,8,2866,t,t,f,,,
540,0,8,2031,t,t,f,,,
541,0,8,7221,t,t,f,,,
542,0,8,6053,t,t,f,,,
543,0,8,7829,t,t,f,,,
544,0,8,7108,t,t,f,,,
545,0,8,3734,t,t,f,,,
546,0,8,6096,t,t,f,,,
547,0,8,4210,t,t,f,,,
548,0,8,4536,t,t,f,,,
549,0,8,7649,t,t,f,,,
550,0,8,545,t,t,f,,,
551,0,8,1758,t,t,f,,,
552,0,8,4732,t,t,f,,,
553,0,8,3201,t,t,f,,,
554,0,8,8070,t,t,f,,,
555,0,8,1320,t,t,f,,,
556,0,8,7606,t,t,f,,,
557,0,8,6605,t,t,f,,,
558,0,8,7284,t,t,f,,,
559,0,8,6616,t,t,f,,,
560,0,8,7265,t,t,f,,,
561,0,8,5802,t,t,f,,,
972,0,15,3219,t,t,f,,,
973,0,15,4222,t,t,f,,,
974,0,15,6128,t,t,f,,,
975,0,15,7336,t,t,f,,,
976,0,15,1398,t,t,f,,,
977,0,15,6682,t,t,f,,,
978,0,15,2969,t,t,f,,,
979,0,15,7093,t,t,f,,,
980,0,15,72,t,t,f,,,
981,0,15,6280,t,t,f,,,
982,0,15,5355,t,t,f,,,
983,0,15,8113,t,t,f,,,
984,0,15,2877,t,t,f,,,
985,0,15,5600,t,t,f,,,
986,0,15,4665,t,t,f,,,
987,0,15,6866,t,t,f,,,
988,0,15,5486,t,t,f,,,
989,0,15,3525,t,t,f,,,
990,0,15,2652,t,t,f,,,
991,0,15,6003,t,t,f,,,
992,0,15,5268,t,t,f,,,
993,0,15,4391,t,t,f,,,
994,0,15,6361,t,t,f,,,
995,0,15,6830,t,t,f,,,
996,0,15,1027,t,t,f,,,
997,0,15,5519,t,t,f,,,
998,0,15,978,t,t,f,,,
999,0,15,3700,t,t,f,,,
1000,0,15,7489,t,t,f,,,
1001,0,15,8072,t,t,f,,,
1002,0,15,6560,t,t,f,,,
1003,0,15,4122,t,t,f,,,
1004,0,15,5085,t,t,f,,,
1005,0,15,5252,t,t,f,,,
1006,0,15,416,t,t,f,,,
1007,0,15,7562,t,t,f,,,
1008,0,15,7391,t,t,f,,,
1009,0,15,5540,t,t,f,,,
1010,0,15,3569,t,t,f,,,
1011,0,15,164,t,t,f,,,
1012,0,15,7945,t,t,f,,,
1013,0,15,2020,t,t,f,,,
1014,0,15,5019,t,t,f,,,
1015,0,15,758,t,t,f,,,
1016,0,15,5085,t,t,f,,,
1017,0,15,3550,t,t,f,,,
1018,0,15,6330,t,t,f,,,
1019,0,15,1149,t,t,f,,,
1020,0,15,4815,t,t,f,,,
1021,0,15,4628,t,t,f,,,
1022,0,15,1409,t,t,f,,,
1023,0,15,5751,t,t,f,,,
1024,0,15,152,t,t,f,,,
1025,0,15,1063,t,t,f,,,
1026,0,15,3153,t,t,f,,,
1027,0,15,6180,t,t,f,,,
1028,0,15,6599,t,t,f,,,
1029,0,15,4655,t,t,f,,,
1030,0,15,2343,t,t,f,,,
1031,0,15,5287,t,t,f,,,
1032,0,15,937,t,t,f,,,
1033,0,15,6486,t,t,f,,,
1034,0,15,418,t,t,f,,,
1035,0,15,161,t,t,f,,,
1036,0,15,1373,t,t,f,,,
1037,0,15,4018,t,t,f,,,
1038,0,15,5427,t,t,f,,,
1039,0,15,1270,t,t,f,,,
1040,0,15,2264,t,t,f,,,
1041,0,15,894,t,t,f,,,
1042,0,15,7072,t,t,f,,,
1043,0,15,1353,t,t,f,,,
1044,0,15,5942,t,t,f,,,
1045,0,15,5469,t,t,f,,,
1046,0,15,653,t,t,f,,,
1047,0,15,2503,t,t,f,,,
1048,0,15,4013,t,t,f,,,
1493,0,22,3098,t,t,f,,,
1494,0,22,4727,t,t,f,,,
1495,0,22,5741,t,t,f,,,
1496,0,22,2883,t,t,f,,,
1497,0,22,4688,t,t,f,,,
1498,0,22,3158,t,t,f,,,
1499,0,22,4323,t,t,f,,,
1500,0,22,6379,t,t,f,,,
1501,0,22,5720,t,t,f,,,
1502,0,22,1833,t,t,f,,,
1503,0,22,5152,t,t,f,,,
1504,0,22,517,t,t,f,,,
1505,0,22,2225,t,t,f,,,
1506,0,22,4987,t,t,f,,,
1507,0,22,5952,t,t,f,,,
1508,0,22,1726,t,t,f,,,
1509,0,22,7134,t,t,f,,,
1510,0,22,6355,t,t,f,,,
1511,0,22,3760,t,t,f,,,
1512,0,22,6107,t,t,f,,,
1513,0,22,1647,t,t,f,,,
1514,0,22,932,t,t,f,,,
1515,0,22,1501,t,t,f,,,
1516,0,22,4919,t,t,f,,,
1517,0,22,1606,t,t,f,,,
1518,0,22,3927,t,t,f,,,
1519,0,22,1979,t,t,f,,,
1520,0,22,4663,t,t,f,,,
1521,0,22,2910,t,t,f,,,
1522,0,22,3492,t,t,f,,,
1523,0,22,2281,t,t,f,,,
1524,0,22,6284,t,t,f,,,
1525,0,22,5821,t,t,f,,,
1526,0,22,2497,t,t,f,,,
1527,0,22,1890,t,t,f,,,
1528,0,22,253,t,t,f,,,
1529,0,22,1010,t,t,f,,,
1530,0,22,3672,t,t,f,,,
1531,0,22,3532,t,t,f,,,
1532,0,22,7660,t,t,f,,,
1533,0,22,2033,t,t,f,,,
1534,0,22,1954,t,t,f,,,
1535,0,22,3773,t,t,f,,,
1536,0,22,3356,t,t,f,,,
1537,0,22,6416,t,t,f,,,
1538,0,22,5540,t,t,f,,,
1539,0,22,7556,t,t,f,,,
1540,0,22,83,t,t,f,,,
1541,0,22,3614,t,t,f,,,
1542,0,22,5729,t,t,f,,,
1543,0,22,3738,t,t,f,,,
1544,0,22,2936,t,t,f,,,
1545,0,22,6395,t,t,f,,,
1546,0,22,5509,t,t,f,,,
1547,0,22,1172,t,t,f,,,
1548,0,22,7672,t,t,f,,,
1549,0,22,2711,t,t,f,,,
1550,0,22,2288,t,t,f,,,
1551,0,22,6684,t,t,f,,,
1552,0,22,2533,t,t,f,,,
1553,0,22,5472,t,t,f,,,
1554,0,22,3332,t,t,f,,,
1555,0,22,7540,t,t,f,,,
1983,0,29,624,t,t,f,,,
1984,0,29,1183,t,t,f,,,
1985,0,29,925,t,t,f,,,
1986,0,29,5602,t,t,f,,,
1987,0,29,367,t,t,f,,,
1988,0,29,5722,t,t,f,,,
1989,0,29,6186,t,t,f,,,
1990,0,29,7456,t,t,f,,,
1991,0,29,3287,t,t,f,,,
1992,0,29,3253,t,t,f,,,
1993,0,29,4103,t,t,f,,,
1994,0,29,1034,t,t,f,,,
1995,0,29,6776,t,t,f,,,
1996,0,29,5001,t,t,f,,,
1997,0,29,2295,t,t,f,,,
1998,0,29,4033,t,t,f,,,
1999,0,29,3584,t,t,f,,,
2000,0,29,5167,t,t,f,,,
2001,0,29,4882,t,t,f,,,
2002,0,29,7875,t,t,f,,,
2003,0,29,7940,t,t,f,,,
2004,0,29,7404,t,t,f,,,
2005,0,29,2985,t,t,f,,,
2006,0,29,7504,t,t,f,,,
2007,0,29,4265,t,t,f,,,
2008,0,29,3100,t,t,f,,,
2009,0,29,1455,t,t,f,,,
2010,0,29,7281,t,t,f,,,
2011,0,29,532,t,t,f,,,
2012,0,29,5854,t,t,f,,,
2013,0,29,4826,t,t,f,,,
2014,0,29,1184,t,t,f,,,
2015,0,29,4887,t,t,f,,,
2016,0,29,6267,t,t,f,,,
2017,0,29,6744,t,t,f,,,
2018,0,29,7607,t,t,f,,,
2019,0,29,0,t,t,f,,,
2020,0,29,7447,t,t,f,,,
2021,0,29,6140,t,t,f,,,
2022,0,29,4134,t,t,f,,,
2023,0,29,5873,t,t,f,,,
2024,0,29,898,t,t,f,,,
2025,0,29,4547,t,t,f,,,
2026,0,29,3088,t,t,f,,,
2027,0,29,2422,t,t,f,,,
2028,0,29,3065,t,t,f,,,
2029,0,29,1586,t,t,f,,,
2030,0,29,3241,t,t,f,,,
2031,0,29,6588,t,t,f,,,
2032,0,29,7019,t,t,f,,,
2033,0,29,4633,t,t,f,,,
2034,0,29,4455,t,t,f,,,
2035,0,29,658,t,t,f,,,
2036,0,29,451,t,t,f,,,
2037,0,29,5302,t,t,f,,,
2038,0,29,7722,t,t,f,,,
2039,0,29,3566,t,t,f,,,
2040,0,29,6427,t,t,f,,,
2041,0,29,2914,t,t,f,,,
2042,0,29,7818,t,t,f,,,
2043,0,29,1061,t,t,f,,,
2044,0,29,1083,t,t,f,,,
2315,0,34,3,t,t,f,,,
2316,0,34,3353,t,t,f,,,
2317,0,34,816,t,t,f,,,
2318,0,34,7308,t,t,f,,,
2319,0,34,6979,t,t,f,,,
2320,0,34,683,t,t,f,,,
2321,0,34,4228,t,t,f,,,
2322,0,34,8021,t,t,f,,,
2323,0,34,6166,t,t,f,,,
2324,0,34,7116,t,t,f,,,
2325,0,34,7837,t,t,f,,,
2326,0,34,4208,t,t,f,,,
2327,0,34,4298,t,t,f,,,
2328,0,34,3120,t,t,f,,,
2329,0,34,1805,t,t,f,,,
2330,0,34,834,t,t,f,,,
2331,0,34,7776,t,t,f,,,
2332,0,34,5432,t,t,f,,,
2333,0,34,7413,t,t,f,,,
2334,0,34,5477,t,t,f,,,
2335,0,34,2201,t,t,f,,,
2336,0,34,989,t,t,f,,,
2337,0,34,4885,t,t,f,,,
2338,0,34,3050,t,t,f,,,
2339,0,34,7327,t,t,f,,,
2340,0,34,2339,t,t,f,,,
2341,0,34,3063,t,t,f,,,
2342,0,34,5093,t,t,f,,,
2343,0,34,4380,t,t,f,,,
2344,0,34,4956,t,t,f,,,
2345,0,34,5531,t,t,f,,,
2346,0,34,7661,t,t,f,,,
2347,0,34,460,t,t,f,,,
2348,0,34,7614,t,t,f,,,
2349,0,34,3402,t,t,f,,,
2350,0,34,3511,t,t,f,,,
2351,0,34,3707,t,t,f,,,
2352,0,34,3530,t,t,f,,,
2353,0,34,5796,t,t,f,,,
2354,0,34,7823,t,t,f,,,
2355,0,34,6442,t,t,f,,,
2356,0,34,1328,t,t,f,,,
2357,0,34,7198,t,t,f,,,
2358,0,34,2820,t,t,f,,,
2359,0,34,2325,t,t,f,,,
2360,0,34,860,t,t,f,,,
2361,0,34,3454,t,t,f,,,
2362,0,34,1997,t,t,f,,,
2363,0,34,547,t,t,f,,,
2364,0,34,2288,t,t,f,,,
2365,0,34,4390,t,t,f,,,
2366,0,34,2566,t,t,f,,,
2367,0,34,6290,t,t,f,,,
2368,0,34,5522,t,t,f,,,
2369,0,34,1795,t,t,f,,,
2370,0,34,4743,t,t,f,,,
2371,0,34,7796,t,t,f,,,
2372,0,34,25,t,t,f,,,
2373,0,34,2777,t,t,f,,,
2374,0,34,4050,t,t,f,,,
2375,0,34,7720,t,t,f,,,
2376,0,34,4033,t,t,f,,,
2377,0,34,3159,t,t,f,,,
2378,0,34,6779,t,t,f,,,
2379,0,34,2189,t,t,f,,,
2380,0,34,1664,t,t,f,,,
2381,0,34,2297,t,t,f,,,
2382,0,34,4332,t,t,f,,,
2383,0,34,3690,t,t,f,,,
2384,0,34,7929,t,t,f,,,
2385,0,34,7270,t,t,f,,,
2386,0,34,3853,t,t,f,,,
2813,0,41,5523,t,t,f,,,
2814,0,41,5751,t,t,f,,,
2815,0,41,118,t,t,f,,,
2816,0,41,95,t,t,f,,,
2817,0,41,3476,t,t,f,,,
2818,0,41,5565,t,t,f,,,
2819,0,41,6641,t,t,f,,,
2820,0,41,2344,t,t,f,,,
2821,0,41,1422,t,t,f,,,
2822,0,41,7877,t,t,f,,,
2823,0,41,1073,t,t,f,,,
2824,0,41,477,t,t,f,,,
2825,0,41,3638,t,t,f,,,
2826,0,41,1553,t,t,f,,,
2827,0,41,7141,t,t,f,,,
2828,0,41,6696,t,t,f,,,
2829,0,41,5448,t,t,f,,,
2830,0,41,404,t,t,f,,,
2831,0,41,7565,t,t,f,,,
2832,0,41,3210,t,t,f,,,
2833,0,41,1004,t,t,f,,,
2834,0,41,3910,t,t,f,,,
2835,0,41,7450,t,t,f,,,
2836,0,41,730,t,t,f,,,
2837,0,41,2779,t,t,f,,,
2838,0,41,2775,t,t,f,,,
2839,0,41,1297,t,t,f,,,
2840,0,41,6976,t,t,f,,,
2841,0,41,5758,t,t,f,,,
2842,0,41,2535,t,t,f,,,
2843,0,41,2098,t,t,f,,,
2844,0,41,3100,t,t,f,,,
2845,0,41,3840,t,t,f,,,
2846,0,41,4439,t,t,f,,,
2847,0,41,7751,t,t,f,,,
2848,0,41,1559,t,t,f,,,
2849,0,41,3559,t,t,f,,,
2850,0,41,922,t,t,f,,,
2851,0,41,6323,t,t,f,,,
2852,0,41,4251,t,t,f,,,
2853,0,41,7543,t,t,f,,,
2854,0,41,6585,t,t,f,,,
2855,0,41,2505,t,t,f,,,
2856,0,41,180,t,t,f,,,
2857,0,41,5533,t,t,f,,,
2858,0,41,3298,t,t,f,,,
2859,0,41,1215,t,t,f,,,
2860,0,41,4533,t,t,f,,,
2861,0,41,2782,t,t,f,,,
2862,0,41,6672,t,t,f,,,
2863,0,41,4010,t,t,f,,,
2864,0,41,2880,t,t,f,,,
2865,0,41,4041,t,t,f,,,
2866,0,41,1004,t,t,f,,,
2867,0,41,960,t,t,f,,,
2868,0,41,4445,t,t,f,,,
2869,0,41,5082,t,t,f,,,
2870,0,41,6006,t,t,f,,,
2871,0,41,4968,t,t,f,,,
2872,0,41,4924,t,t,f,,,
2873,0,41,2631,t,t,f,,,
2874,0,41,4631,t,t,f,,,
2875,0,41,1492,t,t,f,,,
2876,0,41,2848,t,t,f,,,
2877,0,41,2282,t,t,f,,,
2878,0,41,677,t,t,f,,,
2879,0,41,3439,t,t,f,,,
3265,0,48,3717,t,t,f,,,
3266,0,48,3823,t,t,f,,,
3267,0,48,2660,t,t,f,,,
3268,0,48,7514,t,t,f,,,
3269,0,48,7342,t,t,f,,,
3270,0,48,2728,t,t,f,,,
3271,0,48,2623,t,t,f,,,
3272,0,48,6837,t,t,f,,,
3273,0,48,6124,t,t,f,,,
3274,0,48,3514,t,t,f,,,
3275,0,48,7952,t,t,f,,,
3276,0,48,4503,t,t,f,,,
3277,0,48,4585,t,t,f,,,
3278,0,48,7983,t,t,f,,,
3279,0,48,2209,t,t,f,,,
3280,0,48,6125,t,t,f,,,
3281,0,48,3656,t,t,f,,,
3282,0,48,7778,t,t,f,,,
3283,0,48,3150,t,t,f,,,
3284,0,48,7758,t,t,f,,,
3285,0,48,171,t,t,f,,,
3286,0,48,2260,t,t,f,,,
3287,0,48,6055,t,t,f,,,
3288,0,48,814,t,t,f,,,
3289,0,48,7751,t,t,f,,,
3290,0,48,4629,t,t,f,,,
3291,0,48,4947,t,t,f,,,
3292,0,48,2508,t,t,f,,,
3293,0,48,2534,t,t,f,,,
3294,0,48,4602,t,t,f,,,
3295,0,48,4842,t,t,f,,,
3296,0,48,6994,t,t,f,,,
3297,0,48,6833,t,t,f,,,
3298,0,48,7028,t,t,f,,,
3299,0,48,1935,t,t,f,,,
3300,0,48,6183,t,t,f,,,
3301,0,48,4370,t,t,f,,,
3302,0,48,1430,t,t,f,,,
3303,0,48,3263,t,t,f,,,
3304,0,48,4239,t,t,f,,,
3305,0,48,887,t,t,f,,,
3306,0,48,6209,t,t,f,,,
3307,0,48,3865,t,t,f,,,
3308,0,48,4142,t,t,f,,,
3309,0,48,8162,t,t,f,,,
3310,0,48,4749,t,t,f,,,
3311,0,48,4805,t,t,f,,,
3312,0,48,1015,t,t,f,,,
3313,0,48,3513,t,t,f,,,
3314,0,48,502,t,t,f,,,
3315,0,48,4795,t,t,f,,,
3316,0,48,7656,t,t,f,,,
3317,0,48,3602,t,t,f,,,
3318,0,48,3768,t,t,f,,,
3319,0,48,2507,t,t,f,,,
3320,0,48,5110,t,t,f,,,
3321,0,48,815,t,t,f,,,
3322,0,48,2335,t,t,f,,,
3323,0,48,2810,t,t,f,,,
3324,0,48,4561,t,t,f,,,
3325,0,48,6237,t,t,f,,,
3326,0,48,4102,t,t,f,,,
3327,0,48,5349,t,t,f,,,
3328,0,48,7018,t,t,f,,,
3329,0,48,5635,t,t,f,,,
3330,0,48,205,t,t,f,,,
3331,0,48,78,t,t,f,,,
3332,0,48,4409,t,t,f,,,
3333,0,48,7183,t,t,f,,,
3334,0,48,2941,t,t,f,,,
3335,0,48,7912,t,t,f,,,
3336,0,48,2864,t,t,f,,,
3337,0,48,7136,t,t,f,,,
3338,0,48,7544,t,t,f,,,
3339,0,48,7549,t,t,f,,,
3340,0,48,7645,t,t,f,,,
3341,0,48,8014,t,t,f,,,
3753,0,55,5595,t,t,f,,,
3754,0,55,282,t,t,f,,,
3755,0,55,5575,t,t,f,,,
3756,0,55,6380,t,t,f,,,
3757,0,55,6860,t,t,f,,,
3758,0,55,6053,t,t,f,,,
3759,0,55,3420,t,t,f,,,
3760,0,55,635,t,t,f,,,
3761,0,55,6058,t,t,f,,,
3762,0,55,8099,t,t,f,,,
3763,0,55,3139,t,t,f,,,
3764,0,55,3996,t,t,f,,,
3765,0,55,4044,t,t,f,,,
3766,0,55,476,t,t,f,,,
3767,0,55,3903,t,t,f,,,
3768,0,55,730,t,t,f,,,
3769,0,55,840,t,t,f,,,
3770,0,55,7145,t,t,f,,,
3771,0,55,1735,t,t,f,,,
3772,0,55,2191,t,t,f,,,
3773,0,55,6196,t,t,f,,,
3774,0,55,1620,t,t,f,,,
3775,0,55,2649,t,t,f,,,
3776,0,55,1808,t,t,f,,,
3777,0,55,958,t,t,f,,,
3778,0,55,204,t,t,f,,,
3779,0,55,2417,t,t,f,,,
3780,0,55,840,t,t,f,,,
3781,0,55,7152,t,t,f,,,
3782,0,55,3086,t,t,f,,,
3783,0,55,3164,t,t,f,,,
3784,0,55,59,t,t,f,,,
3785,0,55,274,t,t,f,,,
3786,0,55,1365,t,t,f,,,
3787,0,55,528,t,t,f,,,
3788,0,55,4071,t,t,f,,,
3789,0,55,4302,t,t,f,,,
3790,0,55,3467,t,t,f,,,
3791,0,55,5484,t,t,f,,,
3792,0,55,2878,t,t,f,,,
3793,0,55,1514,t,t,f,,,
3794,0,55,1696,t,t,f,,,
3795,0,55,5514,t,t,f,,,
3796,0,55,1899,t,t,f,,,
3797,0,55,726,t,t,f,,,
3798,0,55,5570,t,t,f,,,
3799,0,55,4215,t,t,f,,,
3800,0,55,8064,t,t,f,,,
3801,0,55,6631,t,t,f,,,
3802,0,55,1062,t,t,f,,,
3803,0,55,4243,t,t,f,,,
3804,0,55,3604,t,t,f,,,
3805,0,55,5719,t,t,f,,,
3806,0,55,2217,t,t,f,,,
3807,0,55,2800,t,t,f,,,
3808,0,55,4416,t,t,f,,,
3809,0,55,4661,t,t,f,,,
3810,0,55,2027,t,t,f,,,
3811,0,55,5210,t,t,f,,,
3812,0,55,118,t,t,f,,,
3813,0,55,885,t,t,f,,,
3814,0,55,3125,t,t,f,,,
4257,0,62,6882,t,t,f,,,
4258,0,62,311,t,t,f,,,
4259,0,62,5198,t,t,f,,,
4260,0,62,1,t,t,f,,,
4261,0,62,2801,t,t,f,,,
4262,0,62,6559,t,t,f,,,
4263,0,62,5841,t,t,f,,,
4264,0,62,805,t,t,f,,,
4265,0,62,2042,t,t,f,,,
4266,0,62,6967,t,t,f,,,
4267,0,62,6494,t,t,f,,,
4268,0,62,2440,t,t,f,,,
4269,0,62,7952,t,t,f,,,
4270,0,62,831,t,t,f,,,
4271,0,62,118,t,t,f,,,
4272,0,62,5800,t,t,f,,,
4273,0,62,4847,t,t,f,,,
4274,0,62,6329,t,t,f,,,
4275,0,62,7518,t,t,f,,,
4276,0,62,4471,t,t,f,,,
4277,0,62,5492,t,t,f,,,
4278,0,62,2123,t,t,f,,,
4279,0,62,632,t,t,f,,,
4280,0,62,2962,t,t,f,,,
4281,0,62,4173,t,t,f,,,
4282,0,62,5609,t,t,f,,,
4283,0,62,2284,t,t,f,,,
4284,0,62,8159,t,t,f,,,
4285,0,62,3135,t,t,f,,,
4286,0,62,736,t,t,f,,,
4287,0,62,2604,t,t,f,,,
4288,0,62,4345,t,t,f,,,
4289,0,62,7281,t,t,f,,,
4290,0,62,2204,t,t,f,,,
4291,0,62,2665,t,t,f,,,
4292,0,62,7727,t,t,f,,,
4293,0,62,2816,t,t,f,,,
4294,0,62,4589,t,t,f,,,
4295,0,62,6960,t,t,f,,,
4296,0,62,1957,t,t,f,,,
4297,0,62,1951,t,t,f,,,
4298,0,62,6064,t,t,f,,,
4299,0,62,2120,t,t,f,,,
4300,0,62,4994,t,t,f,,,
4301,0,62,6107,t,t,f,,,
4302,0,62,5626,t,t,f,,,
4303,0,62,1390,t,t,f,,,
4304,0,62,3863,t,t,f,,,
4305,0,62,4773,t,t,f,,,
4306,0,62,4077,t,t,f,,,
4307,0,62,4041,t,t,f,,,
4308,0,62,88,t,t,f,,,
4309,0,62,2672,t,t,f,,,
4310,0,62,115,t,t,f,,,
4311,0,62,5374,t,t,f,,,
4312,0,62,774,t,t,f,,,
4313,0,62,2357,t,t,f,,,
4314,0,62,6812,t,t,f,,,
4315,0,62,6901,t,t,f,,,
4316,0,62,4022,t,t,f,,,
4317,0,62,7805,t,t,f,,,
4318,0,62,4865,t,t,f,,,
4319,0,62,7263,t,t,f,,,
4320,0,62,1927,t,t,f,,,
4321,0,62,398,t,t,f,,,
4322,0,62,7667,t,t,f,,,
4323,0,62,7531,t,t,f,,,
4324,0,62,7912,t,t,f,,,
4325,0,62,5201,t,t,f,,,
4326,0,62,2355,t,t,f,,,
4327,0,62,4482,t,t,f,,,
4328,0,62,993,t,t,f,,,
4329,0,62,6777,t,t,f,,,
4330,0,62,1958,t,t,f,,,
4331,0,62,6313,t,t,f,,,
4332,0,62,4088,t,t,f,,,
4333,0,62,4695,t,t,f,,,
4334,0,62,3404,t,t,f,,,
4335,0,62,4720,t,t,f,,,
4336,0,62,5915,t,t,f,,,
4337,0,62,4048,t,t,f,,,
4637,0,67,3822,t,t,f,,,
4638,0,67,5934,t,t,f,,,
4639,0,67,1655,t,t,f,,,
4640,0,67,5624,t,t,f,,,
4641,0,67,443,t,t,f,,,
4642,0,67,2860,t,t,f,,,
4643,0,67,5177,t,t,f,,,
4644,0,67,6328,t,t,f,,,
4645,0,67,3863,t,t,f,,,
4646,0,67,2333,t,t,f,,,
4647,0,67,338,t,t,f,,,
4648,0,67,4010,t,t,f,,,
4649,0,67,1253,t,t,f,,,
4650,0,67,7768,t,t,f,,,
4651,0,67,8058,t,t,f,,,
4652,0,67,7333,t,t,f,,,
4653,0,67,3883,t,t,f,,,
4654,0,67,3452,t,t,f,,,
4655,0,67,2330,t,t,f,,,
4656,0,67,3400,t,t,f,,,
4657,0,67,1588,t,t,f,,,
4658,0,67,5175,t,t,f,,,
4659,0,67,4684,t,t,f,,,
4660,0,67,2584,t,t,f,,,
4661,0,67,5705,t,t,f,,,
4662,0,67,5674,t,t,f,,,
4663,0,67,7535,t,t,f,,,
4664,0,67,1900,t,t,f,,,
4665,0,67,7728,t,t,f,,,
4666,0,67,6437,t,t,f,,,
4667,0,67,859,t,t,f,,,
4668,0,67,5316,t,t,f,,,
4669,0,67,2205,t,t,f,,,
4670,0,67,4508,t,t,f,,,
4671,0,67,2243,t,t,f,,,
4672,0,67,3138,t,t,f,,,
4673,0,67,7495,t,t,f,,,
4674,0,67,6212,t,t,f,,,
4675,0,67,6704,t,t,f,,,
4676,0,67,1410,t,t,f,,,
4677,0,67,5519,t,t,f,,,
4678,0,67,4894,t,t,f,,,
4679,0,67,748,t,t,f,,,
4680,0,67,2014,t,t,f,,,
4681,0,67,4982,t,t,f,,,
4682,0,67,1927,t,t,f,,,
4683,0,67,4061,t,t,f,,,
4684,0,67,7586,t,t,f,,,
4685,0,67,7726,t,t,f,,,
4686,0,67,1855,t,t,f,,,
4687,0,67,7736,t,t,f,,,
4688,0,67,1516,t,t,f,,,
4689,0,67,7546,t,t,f,,,
4690,0,67,2756,t,t,f,,,
4691,0,67,222,t,t,f,,,
4692,0,67,4331,t,t,f,,,
4693,0,67,6885,t,t,f,,,
4694,0,67,1243,t,t,f,,,
4695,0,67,561,t,t,f,,,
4696,0,67,4179,t,t,f,,,
4697,0,67,8034,t,t,f,,,
4698,0,67,7301,t,t,f,,,
4699,0,67,7749,t,t,f,,,
4700,0,67,104,t,t,f,,,
4701,0,67,3842,t,t,f,,,
4702,0,67,3160,t,t,f,,,
4703,0,67,407,t,t,f,,,
4704,0,67,3301,t,t,f,,,
4705,0,67,7622,t,t,f,,,
4706,0,67,2662,t,t,f,,,
4707,0,67,3166,t,t,f,,,
4708,0,67,2955,t,t,f,,,
5170,0,74,3437,t,t,f,,,
5171,0,74,1408,t,t,f,,,
5172,0,74,2385,t,t,f,,,
5173,0,74,6875,t,t,f,,,
5174,0,74,3873,t,t,f,,,
5175,0,74,7089,t,t,f,,,
5176,0,74,2656,t,t,f,,,
5177,0,74,5320,t,t,f,,,
5178,0,74,511,t,t,f,,,
5179,0,74,941,t,t,f,,,
5180,0,74,7194,t,t,f,,,
5181,0,74,2730,t,t,f,,,
5182,0,74,1864,t,t,f,,,
5183,0,74,744,t,t,f,,,
5184,0,74,6225,t,t,f,,,
5185,0,74,7254,t,t,f,,,
5186,0,74,871,t,t,f,,,
5187,0,74,1206,t,t,f,,,
5188,0,74,4844,t,t,f,,,
5189,0,74,1685,t,t,f,,,
5190,0,74,5671,t,t,f,,,
5191,0,74,6754,t,t,f,,,
5192,0,74,7290,t,t,f,,,
5193,0,74,1176,t,t,f,,,
5194,0,74,5617,t,t,f,,,
5195,0,74,4019,t,t,f,,,
5196,0,74,5217,t,t,f,,,
5197,0,74,6496,t,t,f,,,
5198,0,74,41,t,t,f,,,
5199,0,74,3410,t,t,f,,,
5200,0,74,6494,t,t,f,,,
5201,0,74,5804,t,t,f,,,
5202,0,74,4423,t,t,f,,,
5203,0,74,3014,t,t,f,,,
5204,0,74,3191,t,t,f,,,
5205,0,74,5022,t,t,f,,,
5206,0,74,3950,t,t,f,,,
5207,0,74,6148,t,t,f,,,
5208,0,74,7358,t,t,f,,,
5209,0,74,5974,t,t,f,,,
5210,0,74,518,t,t,f,,,
5211,0,74,1487,t,t,f,,,
5212,0,74,2885,t,t,f,,,
5213,0,74,4710,t,t,f,,,
5214,0,74,2200,t,t,f,,,
5215,0,74,2016,t,t,f,,,
5216,0,74,138,t,t,f,,,
5217,0,74,7822,t,t,f,,,
5218,0,74,4053,t,t,f,,,
5219,0,74,1985,t,t,f,,,
5220,0,74,7054,t,t,f,,,
5221,0,74,4651,t,t,f,,,
5222,0,74,221,t,t,f,,,
5223,0,74,2120,t,t,f,,,
5224,0,74,3049,t,t,f,,,
5225,0,74,4551,t,t,f,,,
5226,0,74,6702,t,t,f,,,
5227,0,74,3081,t,t,f,,,
5228,0,74,615,t,t,f,,,
5229,0,74,2218,t,t,f,,,
5230,0,74,1742,t,t,f,,,
5231,0,74,4214,t,t,f,,,
5636,0,81,5793,t,t,f,,,
5637,0,81,2517,t,t,f,,,
5638,0,81,542,t,t,f,,,
5639,0,81,7007,t,t,f,,,
5640,0,81,6368,t,t,f,,,
5641,0,81,3397,t,t,f,,,
5642,0,81,5705,t,t,f,,,
5643,0,81,3105,t,t,f,,,
5644,0,81,2262,t,t,f,,,
5645,0,81,3089,t,t,f,,,
5646,0,81,2162,t,t,f,,,
5647,0,81,3200,t,t,f,,,
5648,0,81,7931,t,t,f,,,
5649,0,81,4061,t,t,f,,,
5650,0,81,6116,t,t,f,,,
5651,0,81,401,t,t,f,,,
5652,0,81,1851,t,t,f,,,
5653,0,81,2318,t,t,f,,,
5654,0,81,7818,t,t,f,,,
5655,0,81,3167,t,t,f,,,
5656,0,81,5834,t,t,f,,,
5657,0,81,446,t,t,f,,,
5658,0,81,1803,t,t,f,,,
5659,0,81,3162,t,t,f,,,
5660,0,81,6828,t,t,f,,,
5661,0,81,2583,t,t,f,,,
5662,0,81,4228,t,t,f,,,
5663,0,81,3622,t,t,f,,,
5664,0,81,6867,t,t,f,,,
5665,0,81,3012,t,t,f,,,
5666,0,81,6336,t,t,f,,,
5667,0,81,5581,t,t,f,,,
5668,0,81,4385,t,t,f,,,
5669,0,81,2503,t,t,f,,,
5670,0,81,5125,t,t,f,,,
5671,0,81,3280,t,t,f,,,
5672,0,81,1001,t,t,f,,,
5673,0,81,4039,t,t,f,,,
5674,0,81,3874,t,t,f,,,
5675,0,81,2742,t,t,f,,,
5676,0,81,7748,t,t,f,,,
5677,0,81,4929,t,t,f,,,
5678,0,81,5867,t,t,f,,,
5679,0,81,7757,t,t,f,,,
5680,0,81,1371,t,t,f,,,
5681,0,81,6973,t,t,f,,,
5682,0,81,4536,t,t,f,,,
5683,0,81,2725,t,t,f,,,
5684,0,81,1045,t,t,f,,,
5685,0,81,4054,t,t,f,,,
5686,0,81,1572,t,t,f,,,
5687,0,81,1101,t,t,f,,,
5688,0,81,3642,t,t,f,,,
5689,0,81,1009,t,t,f,,,
5690,0,81,1601,t,t,f,,,
5691,0,81,4301,t,t,f,,,
5692,0,81,3205,t,t,f,,,
5693,0,81,5929,t,t,f,,,
5694,0,81,8163,t,t,f,,,
5695,0,81,1987,t,t,f,,,
5696,0,81,1246,t,t,f,,,
5697,0,81,3158,t,t,f,,,
5698,0,81,7647,t,t,f,,,
5699,0,81,1267,t,t,f,,,
5700,0,81,7317,t,t,f,,,
5701,0,81,6824,t,t,f,,,
5702,0,81,1845,t,t,f,,,
5703,0,81,6922,t,t,f,,,
5704,0,81,1380,t,t,f,,,
5705,0,81,1261,t,t,f,,,
5706,0,81,5177,t,t,f,,,
5707,0,81,574,t,t,f,,,
6156,0,89,6168,t,t,f,,,
6157,0,89,5607,t,t,f,,,
6158,0,89,6347,t,t,f,,,
6159,0,89,7029,t,t,f,,,
6160,0,89,5490,t,t,f,,,
6161,0,89,7575,t,t,f,,,
6162,0,89,2032,t,t,f,,,
6163,0,89,2427,t,t,f,,,
6164,0,89,834,t,t,f,,,
6165,0,89,3618,t,t,f,,,
6166,0,89,6766,t,t,f,,,
6167,0,89,1264,t,t,f,,,
6168,0,89,6097,t,t,f,,,
6169,0,89,6927,t,t,f,,,
6170,0,89,385,t,t,f,,,
6171,0,89,1449,t,t,f,,,
6172,0,89,2406,t,t,f,,,
6173,0,89,5880,t,t,f,,,
6174,0,89,897,t,t,f,,,
6175,0,89,2833,t,t,f,,,
6176,0,89,6073,t,t,f,,,
6177,0,89,4366,t,t,f,,,
6178,0,89,4424,t,t,f,,,
6179,0,89,6703,t,t,f,,,
6180,0,89,6111,t,t,f,,,
6181,0,89,5586,t,t,f,,,
6182,0,89,1234,t,t,f,,,
6183,0,89,6683,t,t,f,,,
6184,0,89,7234,t,t,f,,,
6185,0,89,4956,t,t,f,,,
6186,0,89,3431,t,t,f,,,
6187,0,89,349,t,t,f,,,
6188,0,89,138,t,t,f,,,
6189,0,89,5455,t,t,f,,,
6190,0,89,3829,t,t,f,,,
6191,0,89,2979,t,t,f,,,
6192,0,89,5091,t,t,f,,,
6193,0,89,7378,t,t,f,,,
6194,0,89,2255,t,t,f,,,
6195,0,89,2459,t,t,f,,,
6196,0,89,6609,t,t,f,,,
6197,0,89,19,t,t,f,,,
6198,0,89,5899,t,t,f,,,
6199,0,89,437,t,t,f,,,
6200,0,89,96,t,t,f,,,
6201,0,89,7044,t,t,f,,,
6202,0,89,6714,t,t,f,,,
6203,0,89,4012,t,t,f,,,
6204,0,89,5087,t,t,f,,,
6205,0,89,5145,t,t,f,,,
6206,0,89,7894,t,t,f,,,
6207,0,89,3889,t,t,f,,,
6208,0,89,6931,t,t,f,,,
6209,0,89,1423,t,t,f,,,
6210,0,89,1958,t,t,f,,,
6211,0,89,1027,t,t,f,,,
6212,0,89,4577,t,t,f,,,
6213,0,89,536,t,t,f,,,
6214,0,89,6345,t,t,f,,,
6215,0,89,524,t,t,f,,,
6603,0,96,800,t,t,f,,,
6604,0,96,7619,t,t,f,,,
6605,0,96,1258,t,t,f,,,
6606,0,96,6576,t,t,f,,,
6607,0,96,5895,t,t,f,,,
6608,0,96,7308,t,t,f,,,
6609,0,96,4324,t,t,f,,,
6610,0,96,1841,t,t,f,,,
6611,0,96,4893,t,t,f,,,
6612,0,96,3139,t,t,f,,,
6613,0,96,3773,t,t,f,,,
6614,0,96,6298,t,t,f,,,
6615,0,96,5415,t,t,f,,,
6616,0,96,8109,t,t,f,,,
6617,0,96,5979,t,t,f,,,
6618,0,96,6322,t,t,f,,,
6619,0,96,516,t,t,f,,,
6620,0,96,2546,t,t,f,,,
6621,0,96,179,t,t,f,,,
6622,0,96,7427,t,t,f,,,
6623,0,96,2851,t,t,f,,,
6624,0,96,5615,t,t,f,,,
6625,0,96,5848,t,t,f,,,
6626,0,96,1484,t,t,f,,,
6627,0,96,7984,t,t,f,,,
6628,0,96,5945,t,t,f,,,
6629,0,96,4958,t,t,f,,,
6630,0,96,6762,t,t,f,,,
6631,0,96,1423,t,t,f,,,
6632,0,96,3975,t,t,f,,,
6633,0,96,1324,t,t,f,,,
6634,0,96,2583,t,t,f,,,
6635,0,96,5228,t,t,f,,,
6636,0,96,1592,t,t,f,,,
6637,0,96,5827,t,t,f,,,
6638,0,96,3139,t,t,f,,,
6639,0,96,6768,t,t,f,,,
6640,0,96,3429,t,t,f,,,
6641,0,96,5658,t,t,f,,,
6642,0,96,2290,t,t,f,,,
6643,0,96,3460,t,t,f,,,
6644,0,96,6825,t,t,f,,,
6645,0,96,7953,t,t,f,,,
6646,0,96,2774,t,t,f,,,
6647,0,96,4085,t,t,f,,,
6648,0,96,1012,t,t,f,,,
6649,0,96,6073,t,t,f,,,
6650,0,96,1709,t,t,f,,,
6651,0,96,365,t,t,f,,,
6652,0,96,6553,t,t,f,,,
6653,0,96,4732,t,t,f,,,
6654,0,96,2905,t,t,f,,,
6655,0,96,2228,t,t,f,,,
6656,0,96,2237,t,t,f,,,
6657,0,96,7318,t,t,f,,,
6658,0,96,5168,t,t,f,,,
6659,0,96,1682,t,t,f,,,
6660,0,96,7130,t,t,f,,,
6661,0,96,7931,t,t,f,,,
6662,0,96,4331,t,t,f,,,
6663,0,96,3839,t,t,f,,,
6664,0,96,3779,t,t,f,,,
6665,0,96,4193,t,t,f,,,
6666,0,96,2646,t,t,f,,,
6667,0,96,5263,t,t,f,,,
6866,0,100,5491,t,t,f,,,
6867,0,100,7851,t,t,f,,,
6868,0,100,4748,t,t,f,,,
6869,0,100,7873,t,t,f,,,
6870,0,100,166,t,t,f,,,
6871,0,100,7354,t,t,f,,,
6872,0,100,4258,t,t,f,,,
6873,0,100,808,t,t,f,,,
6874,0,100,1215,t,t,f,,,
6875,0,100,8065,t,t,f,,,
6876,0,100,7232,t,t,f,,,
6877,0,100,2597,t,t,f,,,
6878,0,100,1152,t,t,f,,,
6879,0,100,2715,t,t,f,,,
6880,0,100,5811,t,t,f,,,
6881,0,100,916,t,t,f,,,
6882,0,100,2230,t,t,f,,,
6883,0,100,7621,t,t,f,,,
6884,0,100,2225,t,t,f,,,
6885,0,100,8173,t,t,f,,,
6886,0,100,8097,t,t,f,,,
6887,0,100,529,t,t,f,,,
6888,0,100,174,t,t,f,,,
6889,0,100,7748,t,t,f,,,
6890,0,100,853,t,t,f,,,
6891,0,100,5566,t,t,f,,,
6892,0,100,6854,t,t,f,,,
6893,0,100,4844,t,t,f,,,
6894,0,100,3794,t,t,f,,,
6895,0,100,3584,t,t,f,,,
6896,0,100,6889,t,t,f,,,
6897,0,100,1569,t,t,f,,,
6898,0,100,2660,t,t,f,,,
6899,0,100,1047,t,t,f,,,
6900,0,100,7555,t,t,f,,,
6901,0,100,88,t,t,f,,,
6902,0,100,5533,t,t,f,,,
6903,0,100,1339,t,t,f,,,
6904,0,100,6132,t,t,f,,,
6905,0,100,2380,t,t,f,,,
6906,0,100,1667,t,t,f,,,
6907,0,100,6105,t,t,f,,,
6908,0,100,4620,t,t,f,,,
6909,0,100,5071,t,t,f,,,
6910,0,100,4890,t,t,f,,,
6911,0,100,6334,t,t,f,,,
6912,0,100,1546,t,t,f,,,
6913,0,100,1005,t,t,f,,,
6914,0,100,3022,t,t,f,,,
6915,0,100,1880,t,t,f,,,
6916,0,100,5886,t,t,f,,,
6917,0,100,4357,t,t,f,,,
6918,0,100,2639,t,t,f,,,
6919,0,100,2750,t,t,f,,,
6920,0,100,7476,t,t,f,,,
6921,0,100,2689,t,t,f,,,
6922,0,100,4359,t,t,f,,,
6923,0,100,6394,t,t,f,,,
6924,0,100,2055,t,t,f,,,
6925,0,100,359,t,t,f,,,
6926,0,100,2168,t,t,f,,,
6927,0,100,3445,t,t,f,,,
6928,0,100,1369,t,t,f,,,
6929,0,100,571,t,t,f,,,
6930,0,100,192,t,t,f,,,
6931,0,100,6008,t,t,f,,,
7349,0,107,719,t,t,f,,,
7350,0,107,4920,t,t,f,,,
7351,0,107,4673,t,t,f,,,
7352,0,107,5587,t,t,f,,,
7353,0,107,5983,t,t,f,,,
7354,0,107,917,t,t,f,,,
7355,0,107,3708,t,t,f,,,
7356,0,107,6542,t,t,f,,,
7357,0,107,160,t,t,f,,,
7358,0,107,4554,t,t,f,,,
7359,0,107,871,t,t,f,,,
7360,0,107,5113,t,t,f,,,
7361,0,107,6460,t,t,f,,,
7362,0,107,1712,t,t,f,,,
7363,0,107,1109,t,t,f,,,
7364,0,107,6947,t,t,f,,,
7365,0,107,3760,t,t,f,,,
7366,0,107,7783,t,t,f,,,
7367,0,107,6637,t,t,f,,,
7368,0,107,4497,t,t,f,,,
7369,0,107,6683,t,t,f,,,
7370,0,107,429,t,t,f,,,
7371,0,107,5363,t,t,f,,,
7372,0,107,6325,t,t,f,,,
7373,0,107,1991,t,t,f,,,
7374,0,107,101,t,t,f,,,
7375,0,107,1856,t,t,f,,,
7376,0,107,3122,t,t,f,,,
7377,0,107,4850,t,t,f,,,
7378,0,107,7951,t,t,f,,,
7379,0,107,7055,t,t,f,,,
7380,0,107,6756,t,t,f,,,
7381,0,107,695,t,t,f,,,
7382,0,107,1329,t,t,f,,,
7383,0,107,1706,t,t,f,,,
7384,0,107,714,t,t,f,,,
7385,0,107,2079,t,t,f,,,
7386,0,107,2886,t,t,f,,,
7387,0,107,6337,t,t,f,,,
7388,0,107,3514,t,t,f,,,
7389,0,107,7472,t,t,f,,,
7390,0,107,843,t,t,f,,,
7391,0,107,6520,t,t,f,,,
7392,0,107,3236,t,t,f,,,
7393,0,107,8047,t,t,f,,,
7394,0,107,5330,t,t,f,,,
7395,0,107,4792,t,t,f,,,
7396,0,107,1801,t,t,f,,,
7397,0,107,3945,t,t,f,,,
7398,0,107,6578,t,t,f,,,
7399,0,107,6049,t,t,f,,,
7400,0,107,1587,t,t,f,,,
7401,0,107,7841,t,t,f,,,
7402,0,107,6448,t,t,f,,,
7403,0,107,6086,t,t,f,,,
7404,0,107,6538,t,t,f,,,
7405,0,107,1561,t,t,f,,,
7406,0,107,4320,t,t,f,,,
7407,0,107,437,t,t,f,,,
7408,0,107,5572,t,t,f,,,
7409,0,107,1784,t,t,f,,,
7410,0,107,1506,t,t,f,,,
7411,0,107,6496,t,t,f,,,
7412,0,107,3448,t,t,f,,,
7413,0,107,1644,t,t,f,,,
7414,0,107,7466,t,t,f,,,
7415,0,107,4850,t,t,f,,,
7416,0,107,6392,t,t,f,,,
7417,0,107,1726,t,t,f,,,
7418,0,107,5504,t,t,f,,,
7419,0,107,3702,t,t,f,,,
7420,0,107,4862,t,t,f,,,
7421,0,107,3201,t,t,f,,,
7422,0,107,5971,t,t,f,,,
7423,0,107,6997,t,t,f,,,
7424,0,107,931,t,t,f,,,
7425,0,107,6970,t,t,f,,,
7426,0,107,3988,t,t,f,,,
7427,0,107,3876,t,t,f,,,
7799,0,114,7101,t,t,f,,,
7800,0,114,6120,t,t,f,,,
7801,0,114,1021,t,t,f,,,
7802,0,114,7504,t,t,f,,,
7803,0,114,5276,t,t,f,,,
7804,0,114,7467,t,t,f,,,
7805,0,114,5600,t,t,f,,,
7806,0,114,7717,t,t,f,,,
7807,0,114,1865,t,t,f,,,
7808,0,114,7392,t,t,f,,,
7809,0,114,2876,t,t,f,,,
7810,0,114,7644,t,t,f,,,
7811,0,114,3805,t,t,f,,,
7812,0,114,3832,t,t,f,,,
7813,0,114,1602,t,t,f,,,
7814,0,114,2154,t,t,f,,,
7815,0,114,586,t,t,f,,,
7816,0,114,2925,t,t,f,,,
7817,0,114,5517,t,t,f,,,
7818,0,114,5144,t,t,f,,,
7819,0,114,3815,t,t,f,,,
7820,0,114,6382,t,t,f,,,
7821,0,114,1485,t,t,f,,,
7822,0,114,6889,t,t,f,,,
7823,0,114,6368,t,t,f,,,
7824,0,114,5156,t,t,f,,,
7825,0,114,5710,t,t,f,,,
7826,0,114,5119,t,t,f,,,
7827,0,114,8056,t,t,f,,,
7828,0,114,7556,t,t,f,,,
7829,0,114,4615,t,t,f,,,
7830,0,114,1703,t,t,f,,,
7831,0,114,4351,t,t,f,,,
7832,0,114,6590,t,t,f,,,
7833,0,114,760,t,t,f,,,
7834,0,114,6503,t,t,f,,,
7835,0,114,2154,t,t,f,,,
7836,0,114,381,t,t,f,,,
7837,0,114,4282,t,t,f,,,
7838,0,114,7906,t,t,f,,,
7839,0,114,5461,t,t,f,,,
7840,0,114,1573,t,t,f,,,
7841,0,114,28,t,t,f,,,
7842,0,114,6963,t,t,f,,,
7843,0,114,2490,t,t,f,,,
7844,0,114,2664,t,t,f,,,
7845,0,114,2708,t,t,f,,,
7846,0,114,5192,t,t,f,,,
7847,0,114,6754,t,t,f,,,
7848,0,114,2642,t,t,f,,,
7849,0,114,531,t,t,f,,,
7850,0,114,528,t,t,f,,,
7851,0,114,2001,t,t,f,,,
7852,0,114,3198,t,t,f,,,
7853,0,114,2595,t,t,f,,,
7854,0,114,1045,t,t,f,,,
7855,0,114,4891,t,t,f,,,
7856,0,114,7806,t,t,f,,,
8235,0,121,6948,t,t,f,,,
8236,0,121,1058,t,t,f,,,
8237,0,121,7223,t,t,f,,,
8238,0,121,7898,t,t,f,,,
8239,0,121,3961,t,t,f,,,
8240,0,121,6023,t,t,f,,,
8241,0,121,4234,t,t,f,,,
8242,0,121,366,t,t,f,,,
8243,0,121,6042,t,t,f,,,
8244,0,121,3908,t,t,f,,,
8245,0,121,3875,t,t,f,,,
8246,0,121,3536,t,t,f,,,
8247,0,121,1352,t,t,f,,,
8248,0,121,4186,t,t,f,,,
8249,0,121,7373,t,t,f,,,
8250,0,121,7198,t,t,f,,,
8251,0,121,873,t,t,f,,,
8252,0,121,2068,t,t,f,,,
8253,0,121,7836,t,t,f,,,
8254,0,121,4610,t,t,f,,,
8255,0,121,4822,t,t,f,,,
8256,0,121,4076,t,t,f,,,
8257,0,121,7823,t,t,f,,,
8258,0,121,7277,t,t,f,,,
8259,0,121,5803,t,t,f,,,
8260,0,121,3549,t,t,f,,,
8261,0,121,2930,t,t,f,,,
8262,0,121,4748,t,t,f,,,
8263,0,121,293,t,t,f,,,
8264,0,121,8051,t,t,f,,,
8265,0,121,3961,t,t,f,,,
8266,0,121,6720,t,t,f,,,
8267,0,121,3012,t,t,f,,,
8268,0,121,6675,t,t,f,,,
8269,0,121,3409,t,t,f,,,
8270,0,121,1456,t,t,f,,,
8271,0,121,820,t,t,f,,,
8272,0,121,5486,t,t,f,,,
8273,0,121,1039,t,t,f,,,
8274,0,121,4926,t,t,f,,,
8275,0,121,3851,t,t,f,,,
8276,0,121,791,t,t,f,,,
8277,0,121,3955,t,t,f,,,
8278,0,121,7918,t,t,f,,,
8279,0,121,993,t,t,f,,,
8280,0,121,4991,t,t,f,,,
8281,0,121,2687,t,t,f,,,
8282,0,121,7232,t,t,f,,,
8283,0,121,2685,t,t,f,,,
8284,0,121,1240,t,t,f,,,
8285,0,121,5868,t,t,f,,,
8286,0,121,7245,t,t,f,,,
8287,0,121,373,t,t,f,,,
8288,0,121,4991,t,t,f,,,
8289,0,121,4301,t,t,f,,,
8290,0,121,2118,t,t,f,,,
8291,0,121,697,t,t,f,,,
8292,0,121,1005,t,t,f,,,
8293,0,121,6088,t,t,f,,,
8294,0,121,5241,t,t,f,,,
8295,0,121,15,t,t,f,,,
8296,0,121,2462,t,t,f,,,
8297,0,121,3874,t,t,f,,,
8298,0,121,3758,t,t,f,,,
8299,0,121,713,t,t,f,,,
8300,0,121,7040,t,t,f,,,
8301,0,121,3392,t,t,f,,,
8302,0,121,4947,t,t,f,,,
8303,0,121,3528,t,t,f,,,
8304,0,121,7303,t,t,f,,,
8305,0,121,4443,t,t,f,,,
8306,0,121,3519,t,t,f,,,
8307,0,121,7056,t,t,f,,,
8308,0,121,7081,t,t,f,,,
8309,0,121,2054,t,t,f,,,
8310,0,121,5086,t,t,f,,,
8311,0,121,850,t,t,f,,,
8312,0,121,4115,t,t,f,,,
8313,0,121,383,t,t,f,,,
8314,0,121,7841,t,t,f,,,
8315,0,121,8026,t,t,f,,,
8316,0,121,3699,t,t,f,,,
8317,0,121,1722,t,t,f,,,
8318,0,121,6163,t,t,f,,,
8319,0,121,2222,t,t,f,,,
8320,0,121,4066,t,t,f,,,
8727,0,129,4967,t,t,f,,,
8728,0,129,2305,t,t,f,,,
8729,0,129,1505,t,t,f,,,
8730,0,129,1188,t,t,f,,,
8731,0,129,842,t,t,f,,,
8732,0,129,4730,t,t,f,,,
8733,0,129,2192,t,t,f,,,
8734,0,129,1246,t,t,f,,,
8735,0,129,943,t,t,f,,,
8736,0,129,7056,t,t,f,,,
8737,0,129,4237,t,t,f,,,
8738,0,129,930,t,t,f,,,
8739,0,129,2468,t,t,f,,,
8740,0,129,5323,t,t,f,,,
8741,0,129,1641,t,t,f,,,
8742,0,129,5329,t,t,f,,,
8743,0,129,3567,t,t,f,,,
8744,0,129,1932,t,t,f,,,
8745,0,129,4329,t,t,f,,,
8746,0,129,5223,t,t,f,,,
8747,0,129,4144,t,t,f,,,
8748,0,129,6357,t,t,f,,,
8749,0,129,8019,t,t,f,,,
8750,0,129,3449,t,t,f,,,
8751,0,129,2095,t,t,f,,,
8752,0,129,2310,t,t,f,,,
8753,0,129,1885,t,t,f,,,
8754,0,129,5308,t,t,f,,,
8755,0,129,4790,t,t,f,,,
8756,0,129,7018,t,t,f,,,
8757,0,129,3561,t,t,f,,,
8758,0,129,3847,t,t,f,,,
8759,0,129,5337,t,t,f,,,
8760,0,129,8101,t,t,f,,,
8761,0,129,3872,t,t,f,,,
8762,0,129,5902,t,t,f,,,
8763,0,129,732,t,t,f,,,
8764,0,129,7148,t,t,f,,,
8765,0,129,309,t,t,f,,,
8766,0,129,3679,t,t,f,,,
8767,0,129,2179,t,t,f,,,
8768,0,129,7860,t,t,f,,,
8769,0,129,1081,t,t,f,,,
8770,0,129,4493,t,t,f,,,
8771,0,129,4043,t,t,f,,,
8772,0,129,4882,t,t,f,,,
8773,0,129,6508,t,t,f,,,
8774,0,129,6864,t,t,f,,,
8775,0,129,2716,t,t,f,,,
8776,0,129,7710,t,t,f,,,
8777,0,129,1785,t,t,f,,,
8778,0,129,1489,t,t,f,,,
8779,0,129,5667,t,t,f,,,
8780,0,129,1579,t,t,f,,,
8781,0,129,1225,t,t,f,,,
8782,0,129,834,t,t,f,,,
8783,0,129,136,t,t,f,,,
8784,0,129,4701,t,t,f,,,
8785,0,129,3071,t,t,f,,,
8786,0,129,4368,t,t,f,,,
8787,0,129,1291,t,t,f,,,
8788,0,129,2745,t,t,f,,,
8789,0,129,7309,t,t,f,,,
8790,0,129,6275,t,t,f,,,
8791,0,129,7196,t,t,f,,,
8792,0,129,3327,t,t,f,,,
8793,0,129,208,t,t,f,,,
8794,0,129,3794,t,t,f,,,
8795,0,129,2865,t,t,f,,,
8796,0,129,7027,t,t,f,,,
8797,0,129,7513,t,t,f,,,
8798,0,129,4830,t,t,f,,,
9017,0,133,8092,t,t,f,,,
9018,0,133,2949,t,t,f,,,
9019,0,133,1123,t,t,f,,,
9020,0,133,7559,t,t,f,,,
9021,0,133,1014,t,t,f,,,
9022,0,133,5265,t,t,f,,,
9023,0,133,6924,t,t,f,,,
9024,0,133,1862,t,t,f,,,
9025,0,133,1642,t,t,f,,,
9026,0,133,8006,t,t,f,,,
9027,0,133,7837,t,t,f,,,
9028,0,133,1565,t,t,f,,,
9029,0,133,4260,t,t,f,,,
9030,0,133,2882,t,t,f,,,
9031,0,133,300,t,t,f,,,
9032,0,133,4232,t,t,f,,,
9033,0,133,2238,t,t,f,,,
9034,0,133,4647,t,t,f,,,
9035,0,133,2615,t,t,f,,,
9036,0,133,808,t,t,f,,,
9037,0,133,1430,t,t,f,,,
9038,0,133,7920,t,t,f,,,
9039,0,133,7578,t,t,f,,,
9040,0,133,6370,t,t,f,,,
9041,0,133,6508,t,t,f,,,
9042,0,133,6629,t,t,f,,,
9043,0,133,2206,t,t,f,,,
9044,0,133,4183,t,t,f,,,
9045,0,133,6313,t,t,f,,,
9046,0,133,2475,t,t,f,,,
9047,0,133,5099,t,t,f,,,
9048,0,133,3737,t,t,f,,,
9049,0,133,690,t,t,f,,,
9050,0,133,6226,t,t,f,,,
9051,0,133,3429,t,t,f,,,
9052,0,133,7384,t,t,f,,,
9053,0,133,7478,t,t,f,,,
9054,0,133,7068,t,t,f,,,
9055,0,133,379,t,t,f,,,
9056,0,133,3127,t,t,f,,,
9057,0,133,6187,t,t,f,,,
9058,0,133,4238,t,t,f,,,
9059,0,133,5468,t,t,f,,,
9060,0,133,6199,t,t,f,,,
9061,0,133,7710,t,t,f,,,
9062,0,133,5948,t,t,f,,,
9063,0,133,5616,t,t,f,,,
9064,0,133,7265,t,t,f,,,
9065,0,133,5966,t,t,f,,,
9066,0,133,3544,t,t,f,,,
9067,0,133,7948,t,t,f,,,
9068,0,133,3360,t,t,f,,,
9069,0,133,3173,t,t,f,,,
9070,0,133,8172,t,t,f,,,
9071,0,133,2202,t,t,f,,,
9072,0,133,5324,t,t,f,,,
9073,0,133,5449,t,t,f,,,
9074,0,133,3065,t,t,f,,,
9075,0,133,4911,t,t,f,,,
9076,0,133,5433,t,t,f,,,
9077,0,133,4283,t,t,f,,,
9078,0,133,2360,t,t,f,,,
9079,0,133,1793,t,t,f,,,
9080,0,133,7565,t,t,f,,,
9081,0,133,6448,t,t,f,,,
9082,0,133,3051,t,t,f,,,
9083,0,133,2174,t,t,f,,,
9084,0,133,5823,t,t,f,,,
9085,0,133,1721,t,t,f,,,
9086,0,133,4368,t,t,f,,,
9087,0,133,6490,t,t,f,,,
9088,0,133,4021,t,t,f,,,
9089,0,133,5348,t,t,f,,,
9090,0,133,2708,t,t,f,,,
9091,0,133,6954,t,t,f,,,
9092,0,133,391,t,t,f,,,
9093,0,133,5263,t,t,f,,,
9094,0,133,2217,t,t,f,,,
9095,0,133,6477,t,t,f,,,
9096,0,133,3398,t,t,f,,,
9097,0,133,4638,t,t,f,,,
9098,0,133,6946,t,t,f,,,
9099,0,133,5115,t,t,f,,,
9100,0,133,5716,t,t,f,,,
9101,0,133,6512,t,t,f,,,
9102,0,133,8027,t,t,f,,,
9511,0,140,4272,t,t,f,,,
9512,0,140,4900,t,t,f,,,
9513,0,140,2906,t,t,f,,,
9514,0,140,6878,t,t,f,,,
9515,0,140,60,t,t,f,,,
9516,0,140,3433,t,t,f,,,
9517,0,140,8139,t,t,f,,,
9518,0,140,395,t,t,f,,,
9519,0,140,3103,t,t,f,,,
9520,0,140,7568,t,t,f,,,
9521,0,140,4877,t,t,f,,,
9522,0,140,6573,t,t,f,,,
9523,0,140,3676,t,t,f,,,
9524,0,140,4243,t,t,f,,,
9525,0,140,4971,t,t,f,,,
9526,0,140,7704,t,t,f,,,
9527,0,140,6567,t,t,f,,,
9528,0,140,4342,t,t,f,,,
9529,0,140,3396,t,t,f,,,
9530,0,140,2429,t,t,f,,,
9531,0,140,3334,t,t,f,,,
9532,0,140,2898,t,t,f,,,
9533,0,140,6451,t,t,f,,,
9534,0,140,6484,t,t,f,,,
9535,0,140,6128,t,t,f,,,
9536,0,140,7252,t,t,f,,,
9537,0,140,1677,t,t,f,,,
9538,0,140,3030,t,t,f,,,
9539,0,140,3441,t,t,f,,,
9540,0,140,5703,t,t,f,,,
9541,0,140,7341,t,t,f,,,
9542,0,140,2580,t,t,f,,,
9543,0,140,6442,t,t,f,,,
9544,0,140,6821,t,t,f,,,
9545,0,140,644,t,t,f,,,
9546,0,140,3947,t,t,f,,,
9547,0,140,1257,t,t,f,,,
9548,0,140,1430,t,t,f,,,
9549,0,140,2634,t,t,f,,,
9550,0,140,2702,t,t,f,,,
9551,0,140,4293,t,t,f,,,
9552,0,140,5662,t,t,f,,,
9553,0,140,2426,t,t,f,,,
9554,0,140,5865,t,t,f,,,
9555,0,140,4321,t,t,f,,,
9556,0,140,6933,t,t,f,,,
9557,0,140,2891,t,t,f,,,
9558,0,140,5359,t,t,f,,,
9559,0,140,3396,t,t,f,,,
9560,0,140,1951,t,t,f,,,
9561,0,140,1681,t,t,f,,,
9562,0,140,3445,t,t,f,,,
9563,0,140,702,t,t,f,,,
9564,0,140,7346,t,t,f,,,
9565,0,140,5993,t,t,f,,,
9566,0,140,2644,t,t,f,,,
9567,0,140,2418,t,t,f,,,
9568,0,140,3945,t,t,f,,,
9569,0,140,1682,t,t,f,,,
9570,0,140,926,t,t,f,,,
9571,0,140,3252,t,t,f,,,
9572,0,140,2167,t,t,f,,,
9974,0,147,1575,t,t,f,,,
9975,0,147,140,t,t,f,,,
9976,0,147,1166,t,t,f,,,
9977,0,147,2593,t,t,f,,,
9978,0,147,8010,t,t,f,,,
9979,0,147,1912,t,t,f,,,
9980,0,147,1314,t,t,f,,,
9981,0,147,7559,t,t,f,,,
9982,0,147,3714,t,t,f,,,
9983,0,147,4861,t,t,f,,,
9984,0,147,3,t,t,f,,,
9985,0,147,5423,t,t,f,,,
9986,0,147,7539,t,t,f,,,
9987,0,147,6861,t,t,f,,,
9988,0,147,7461,t,t,f,,,
9989,0,147,5504,t,t,f,,,
9990,0,147,1950,t,t,f,,,
9991,0,147,4604,t,t,f,,,
9992,0,147,7978,t,t,f,,,
9993,0,147,3084,t,t,f,,,
9994,0,147,7652,t,t,f,,,
9995,0,147,4339,t,t,f,,,
9996,0,147,3339,t,t,f,,,
9997,0,147,8011,t,t,f,,,
9998,0,147,4822,t,t,f,,,
9999,0,147,1673,t,t,f,,,
10000,0,147,5785,t,t,f,,,
10001,0,147,4679,t,t,f,,,
10002,0,147,393,t,t,f,,,
10003,0,147,1662,t,t,f,,,
10004,0,147,5289,t,t,f,,,
10005,0,147,3631,t,t,f,,,
10006,0,147,6653,t,t,f,,,
10007,0,147,5197,t,t,f,,,
10008,0,147,3691,t,t,f,,,
10009,0,147,2837,t,t,f,,,
10010,0,147,5616,t,t,f,,,
10011,0,147,7299,t,t,f,,,
10012,0,147,7415,t,t,f,,,
10013,0,147,364,t,t,f,,,
10014,0,147,6824,t,t,f,,,
10015,0,147,2972,t,t,f,,,
10016,0,147,4755,t,t,f,,,
10017,0,147,2027,t,t,f,,,
10018,0,147,2038,t,t,f,,,
10019,0,147,2218,t,t,f,,,
10020,0,147,6737,t,t,f,,,
10021,0,147,1562,t,t,f,,,
10022,0,147,3679,t,t,f,,,
10023,0,147,4660,t,t,f,,,
10024,0,147,7513,t,t,f,,,
10025,0,147,1360,t,t,f,,,
10026,0,147,3999,t,t,f,,,
10027,0,147,3827,t,t,f,,,
10028,0,147,6682,t,t,f,,,
10029,0,147,5890,t,t,f,,,
10030,0,147,1954,t,t,f,,,
10031,0,147,4714,t,t,f,,,
10032,0,147,3154,t,t,f,,,
10033,0,147,2994,t,t,f,,,
10034,0,147,2787,t,t,f,,,
10035,0,147,6726,t,t,f,,,
10036,0,147,941,t,t,f,,,
10037,0,147,7546,t,t,f,,,
10038,0,147,7504,t,t,f,,,
10439,0,154,4518,t,t,f,,,
10440,0,154,4737,t,t,f,,,
10441,0,154,1630,t,t,f,,,
10442,0,154,7674,t,t,f,,,
10443,0,154,1862,t,t,f,,,
10444,0,154,1836,t,t,f,,,
10445,0,154,7642,t,t,f,,,
10446,0,154,5726,t,t,f,,,
10447,0,154,7852,t,t,f,,,
10448,0,154,2612,t,t,f,,,
10449,0,154,950,t,t,f,,,
10450,0,154,863,t,t,f,,,
10451,0,154,520,t,t,f,,,
10452,0,154,3406,t,t,f,,,
10453,0,154,729,t,t,f,,,
10454,0,154,5990,t,t,f,,,
10455,0,154,3372,t,t,f,,,
10456,0,154,1882,t,t,f,,,
10457,0,154,6913,t,t,f,,,
10458,0,154,6592,t,t,f,,,
10459,0,154,6131,t,t,f,,,
10460,0,154,4748,t,t,f,,,
10461,0,154,4299,t,t,f,,,
10462,0,154,3078,t,t,f,,,
10463,0,154,3339,t,t,f,,,
10464,0,154,237,t,t,f,,,
10465,0,154,7925,t,t,f,,,
10466,0,154,6140,t,t,f,,,
10467,0,154,513,t,t,f,,,
10468,0,154,433,t,t,f,,,
10469,0,154,2799,t,t,f,,,
10470,0,154,486,t,t,f,,,
10471,0,154,1995,t,t,f,,,
10472,0,154,824,t,t,f,,,
10473,0,154,5968,t,t,f,,,
10474,0,154,7867,t,t,f,,,
10475,0,154,61,t,t,f,,,
10476,0,154,1879,t,t,f,,,
10477,0,154,8057,t,t,f,,,
10478,0,154,5609,t,t,f,,,
10479,0,154,2852,t,t,f,,,
10480,0,154,6686,t,t,f,,,
10481,0,154,880,t,t,f,,,
10482,0,154,5610,t,t,f,,,
10483,0,154,2073,t,t,f,,,
10484,0,154,4059,t,t,f,,,
10485,0,154,5492,t,t,f,,,
10486,0,154,165,t,t,f,,,
10487,0,154,4055,t,t,f,,,
10488,0,154,7626,t,t,f,,,
10489,0,154,5197,t,t,f,,,
10490,0,154,5030,t,t,f,,,
10491,0,154,1459,t,t,f,,,
10492,0,154,4071,t,t,f,,,
10892,0,161,3888,t,t,f,,,
10893,0,161,6776,t,t,f,,,
10894,0,161,3011,t,t,f,,,
10895,0,161,520,t,t,f,,,
10896,0,161,7728,t,t,f,,,
10897,0,161,2657,t,t,f,,,
10898,0,161,902,t,t,f,,,
10899,0,161,3212,t,t,f,,,
10900,0,161,6454,t,t,f,,,
10901,0,161,990,t,t,f,,,
10902,0,161,395,t,t,f,,,
10903,0,161,5647,t,t,f,,,
10904,0,161,4574,t,t,f,,,
10905,0,161,1351,t,t,f,,,
10906,0,161,6302,t,t,f,,,
10907,0,161,5845,t,t,f,,,
10908,0,161,6291,t,t,f,,,
10909,0,161,5705,t,t,f,,,
10910,0,161,8183,t,t,f,,,
10911,0,161,5942,t,t,f,,,
10912,0,161,4698,t,t,f,,,
10913,0,161,6663,t,t,f,,,
10914,0,161,462,t,t,f,,,
10915,0,161,3130,t,t,f,,,
10916,0,161,4008,t,t,f,,,
10917,0,161,4012,t,t,f,,,
10918,0,161,3774,t,t,f,,,
10919,0,161,1445,t,t,f,,,
10920,0,161,2312,t,t,f,,,
10921,0,161,1261,t,t,f,,,
10922,0,161,1900,t,t,f,,,
10923,0,161,4995,t,t,f,,,
10924,0,161,7361,t,t,f,,,
10925,0,161,3552,t,t,f,,,
10926,0,161,174,t,t,f,,,
10927,0,161,5946,t,t,f,,,
10928,0,161,6905,t,t,f,,,
10929,0,161,1635,t,t,f,,,
10930,0,161,5309,t,t,f,,,
10931,0,161,2166,t,t,f,,,
10932,0,161,2445,t,t,f,,,
10933,0,161,3365,t,t,f,,,
10934,0,161,6968,t,t,f,,,
10935,0,161,8001,t,t,f,,,
10936,0,161,2597,t,t,f,,,
10937,0,161,4398,t,t,f,,,
10938,0,161,6761,t,t,f,,,
10939,0,161,3227,t,t,f,,,
10940,0,161,5345,t,t,f,,,
10941,0,161,1532,t,t,f,,,
10942,0,161,7501,t,t,f,,,
10943,0,161,121,t,t,f,,,
10944,0,161,1659,t,t,f,,,
10945,0,161,7273,t,t,f,,,
10946,0,161,2236,t,t,f,,,
10947,0,161,5731,t,t,f,,,
10948,0,161,6051,t,t,f,,,
10949,0,161,5888,t,t,f,,,
10950,0,161,4684,t,t,f,,,
10951,0,161,7333,t,t,f,,,
10952,0,161,7136,t,t,f,,,
10953,0,161,6038,t,t,f,,,
10954,0,161,4013,t,t,f,,,
10955,0,161,7742,t,t,f,,,
10956,0,161,4841,t,t,f,,,
10957,0,161,6775,t,t,f,,,
10958,0,161,3623,t,t,f,,,
10959,0,161,2158,t,t,f,,,
10960,0,161,156,t,t,f,,,
10961,0,161,4598,t,t,f,,,
10962,0,161,6602,t,t,f,,,
10963,0,161,7893,t,t,f,,,
10964,0,161,5602,t,t,f,,,
10965,0,161,5348,t,t,f,,,
10966,0,161,7151,t,t,f,,,
10967,0,161,3970,t,t,f,,,
11225,0,166,2212,t,t,f,,,
11226,0,166,2043,t,t,f,,,
11227,0,166,2119,t,t,f,,,
11228,0,166,348,t,t,f,,,
11229,0,166,1713,t,t,f,,,
11230,0,166,294,t,t,f,,,
11231,0,166,7287,t,t,f,,,
11232,0,166,3219,t,t,f,,,
11233,0,166,2542,t,t,f,,,
11234,0,166,303,t,t,f,,,
11235,0,166,6605,t,t,f,,,
11236,0,166,6504,t,t,f,,,
11237,0,166,4155,t,t,f,,,
11238,0,166,7406,t,t,f,,,
11239,0,166,5352,t,t,f,,,
11240,0,166,5534,t,t,f,,,
11241,0,166,6560,t,t,f,,,
11242,0,166,223,t,t,f,,,
11243,0,166,1588,t,t,f,,,
11244,0,166,4386,t,t,f,,,
11245,0,166,2937,t,t,f,,,
11246,0,166,3629,t,t,f,,,
11247,0,166,911,t,t,f,,,
11248,0,166,2875,t,t,f,,,
11249,0,166,7389,t,t,f,,,
11250,0,166,6700,t,t,f,,,
11251,0,166,2684,t,t,f,,,
11252,0,166,135,t,t,f,,,
11253,0,166,6106,t,t,f,,,
11254,0,166,718,t,t,f,,,
11255,0,166,1086,t,t,f,,,
11256,0,166,7505,t,t,f,,,
11257,0,166,3148,t,t,f,,,
11258,0,166,3782,t,t,f,,,
11259,0,166,4098,t,t,f,,,
11260,0,166,1533,t,t,f,,,
11261,0,166,5978,t,t,f,,,
11262,0,166,6199,t,t,f,,,
11263,0,166,706,t,t,f,,,
11264,0,166,2524,t,t,f,,,
11265,0,166,3628,t,t,f,,,
11266,0,166,4760,t,t,f,,,
11267,0,166,3959,t,t,f,,,
11268,0,166,2839,t,t,f,,,
11269,0,166,247,t,t,f,,,
11270,0,166,4404,t,t,f,,,
11271,0,166,4849,t,t,f,,,
11272,0,166,1629,t,t,f,,,
11273,0,166,774,t,t,f,,,
11274,0,166,6297,t,t,f,,,
11275,0,166,5483,t,t,f,,,
11276,0,166,1085,t,t,f,,,
11277,0,166,3687,t,t,f,,,
11278,0,166,6306,t,t,f,,,
11279,0,166,3197,t,t,f,,,
11280,0,166,7681,t,t,f,,,
11281,0,166,1411,t,t,f,,,
11282,0,166,1730,t,t,f,,,
11283,0,166,5001,t,t,f,,,
11284,0,166,5471,t,t,f,,,
11690,0,173,1911,t,t,f,,,
11691,0,173,5853,t,t,f,,,
11692,0,173,1527,t,t,f,,,
11693,0,173,7390,t,t,f,,,
11694,0,173,2831,t,t,f,,,
11695,0,173,4464,t,t,f,,,
11696,0,173,4416,t,t,f,,,
11697,0,173,3971,t,t,f,,,
11698,0,173,7527,t,t,f,,,
11699,0,173,4013,t,t,f,,,
11700,0,173,3396,t,t,f,,,
11701,0,173,2068,t,t,f,,,
11702,0,173,2898,t,t,f,,,
11703,0,173,2861,t,t,f,,,
11704,0,173,4965,t,t,f,,,
11705,0,173,6754,t,t,f,,,
11706,0,173,1171,t,t,f,,,
11707,0,173,5424,t,t,f,,,
11708,0,173,89,t,t,f,,,
11709,0,173,3829,t,t,f,,,
11710,0,173,2978,t,t,f,,,
11711,0,173,3693,t,t,f,,,
11712,0,173,6274,t,t,f,,,
11713,0,173,6101,t,t,f,,,
11714,0,173,7179,t,t,f,,,
11715,0,173,7974,t,t,f,,,
11716,0,173,4919,t,t,f,,,
11717,0,173,4730,t,t,f,,,
11718,0,173,4703,t,t,f,,,
11719,0,173,4884,t,t,f,,,
11720,0,173,6370,t,t,f,,,
11721,0,173,2988,t,t,f,,,
11722,0,173,58,t,t,f,,,
11723,0,173,3734,t,t,f,,,
11724,0,173,5067,t,t,f,,,
11725,0,173,4614,t,t,f,,,
11726,0,173,3373,t,t,f,,,
11727,0,173,6121,t,t,f,,,
11728,0,173,2926,t,t,f,,,
11729,0,173,5489,t,t,f,,,
11730,0,173,2703,t,t,f,,,
11731,0,173,3639,t,t,f,,,
11732,0,173,3168,t,t,f,,,
11733,0,173,2145,t,t,f,,,
11734,0,173,3709,t,t,f,,,
11735,0,173,6303,t,t,f,,,
11736,0,173,7853,t,t,f,,,
11737,0,173,6642,t,t,f,,,
11738,0,173,5760,t,t,f,,,
11739,0,173,4574,t,t,f,,,
11740,0,173,6309,t,t,f,,,
11741,0,173,6404,t,t,f,,,
11742,0,173,6802,t,t,f,,,
11743,0,173,1355,t,t,f,,,
11744,0,173,7250,t,t,f,,,
11745,0,173,2526,t,t,f,,,
11746,0,173,54,t,t,f,,,
11747,0,173,826,t,t,f,,,
11748,0,173,5044,t,t,f,,,
11749,0,173,3515,t,t,f,,,
11750,0,173,7932,t,t,f,,,
11751,0,173,88,t,t,f,,,
11752,0,173,2151,t,t,f,,,
11753,0,173,1633,t,t,f,,,
11754,0,173,6405,t,t,f,,,
11755,0,173,3801,t,t,f,,,
11756,0,173,4241,t,t,f,,,
11757,0,173,4550,t,t,f,,,
11758,0,173,4301,t,t,f,,,
11759,0,173,1731,t,t,f,,,
11760,0,173,4416,t,t,f,,,
11761,0,173,2264,t,t,f,,,
11762,0,173,809,t,t,f,,,
11763,0,173,2676,t,t,f,,,
11764,0,173,8173,t,t,f,,,
11765,0,173,6648,t,t,f,,,
11766,0,173,512,t,t,f,,,
11767,0,173,3303,t,t,f,,,
11768,0,173,5685,t,t,f,,,
11769,0,173,4101,t,t,f,,,
11770,0,173,3648,t,t,f,,,
11771,0,173,6424,t,t,f,,,
11772,0,173,231,t,t,f,,,
11773,0,173,7356,t,t,f,,,
11774,0,173,2042,t,t,f,,,
11775,0,173,2693,t,t,f,,,
11776,0,173,2961,t,t,f,,,
11777,0,173,4858,t,t,f,,,
12145,0,180,7866,t,t,f,,,
12146,0,180,1021,t,t,f,,,
12147,0,180,7044,t,t,f,,,
12148,0,180,3879,t,t,f,,,
12149,0,180,6467,t,t,f,,,
12150,0,180,7443,t,t,f,,,
12151,0,180,2586,t,t,f,,,
12152,0,180,3309,t,t,f,,,
12153,0,180,6831,t,t,f,,,
12154,0,180,5167,t,t,f,,,
12155,0,180,1759,t,t,f,,,
12156,0,180,7960,t,t,f,,,
12157,0,180,7808,t,t,f,,,
12158,0,180,1630,t,t,f,,,
12159,0,180,1295,t,t,f,,,
12160,0,180,4209,t,t,f,,,
12161,0,180,5134,t,t,f,,,
12162,0,180,998,t,t,f,,,
12163,0,180,273,t,t,f,,,
12164,0,180,580,t,t,f,,,
12165,0,180,7122,t,t,f,,,
12166,0,180,7547,t,t,f,,,
12167,0,180,5745,t,t,f,,,
12168,0,180,3066,t,t,f,,,
12169,0,180,4705,t,t,f,,,
12170,0,180,1427,t,t,f,,,
12171,0,180,5483,t,t,f,,,
12172,0,180,7367,t,t,f,,,
12173,0,180,989,t,t,f,,,
12174,0,180,2649,t,t,f,,,
12175,0,180,5327,t,t,f,,,
12176,0,180,5380,t,t,f,,,
12177,0,180,5692,t,t,f,,,
12178,0,180,1270,t,t,f,,,
12179,0,180,4606,t,t,f,,,
12180,0,180,2476,t,t,f,,,
12181,0,180,1386,t,t,f,,,
12182,0,180,4370,t,t,f,,,
12183,0,180,1838,t,t,f,,,
12184,0,180,4339,t,t,f,,,
12185,0,180,7261,t,t,f,,,
12186,0,180,4506,t,t,f,,,
12187,0,180,7685,t,t,f,,,
12188,0,180,591,t,t,f,,,
12189,0,180,6709,t,t,f,,,
12190,0,180,80,t,t,f,,,
12191,0,180,2360,t,t,f,,,
12192,0,180,2633,t,t,f,,,
12193,0,180,6872,t,t,f,,,
12194,0,180,2522,t,t,f,,,
12195,0,180,1700,t,t,f,,,
12196,0,180,7828,t,t,f,,,
12197,0,180,7285,t,t,f,,,
12198,0,180,3526,t,t,f,,,
12199,0,180,332,t,t,f,,,
12200,0,180,6008,t,t,f,,,
12201,0,180,7151,t,t,f,,,
12202,0,180,5989,t,t,f,,,
12203,0,180,4236,t,t,f,,,
12204,0,180,8093,t,t,f,,,
12205,0,180,3531,t,t,f,,,
12206,0,180,5563,t,t,f,,,
12207,0,180,1263,t,t,f,,,
12208,0,180,2462,t,t,f,,,
12209,0,180,4601,t,t,f,,,
12210,0,180,5464,t,t,f,,,
12211,0,180,6808,t,t,f,,,
12212,0,180,457,t,t,f,,,
12213,0,180,5211,t,t,f,,,
12214,0,180,1524,t,t,f,,,
12215,0,180,6350,t,t,f,,,
12216,0,180,5596,t,t,f,,,
12217,0,180,8002,t,t,f,,,
12698,0,187,1457,t,t,f,,,
12699,0,187,407,t,t,f,,,
12700,0,187,4545,t,t,f,,,
12701,0,187,4629,t,t,f,,,
12702,0,187,5205,t,t,f,,,
12703,0,187,805,t,t,f,,,
12704,0,187,419,t,t,f,,,
12705,0,187,4637,t,t,f,,,
12706,0,187,5840,t,t,f,,,
12707,0,187,7479,t,t,f,,,
12708,0,187,5805,t,t,f,,,
12709,0,187,5809,t,t,f,,,
12710,0,187,5511,t,t,f,,,
12711,0,187,6903,t,t,f,,,
12712,0,187,3252,t,t,f,,,
12713,0,187,4486,t,t,f,,,
12714,0,187,7463,t,t,f,,,
12715,0,187,3590,t,t,f,,,
12716,0,187,48,t,t,f,,,
12717,0,187,8134,t,t,f,,,
12718,0,187,1342,t,t,f,,,
12719,0,187,5185,t,t,f,,,
12720,0,187,4225,t,t,f,,,
12721,0,187,1316,t,t,f,,,
12722,0,187,3623,t,t,f,,,
12723,0,187,7152,t,t,f,,,
12724,0,187,467,t,t,f,,,
12725,0,187,7549,t,t,f,,,
12726,0,187,168,t,t,f,,,
12727,0,187,1124,t,t,f,,,
12728,0,187,951,t,t,f,,,
12729,0,187,3585,t,t,f,,,
12730,0,187,2873,t,t,f,,,
12731,0,187,912,t,t,f,,,
12732,0,187,7542,t,t,f,,,
12733,0,187,6576,t,t,f,,,
12734,0,187,4694,t,t,f,,,
12735,0,187,1602,t,t,f,,,
12736,0,187,748,t,t,f,,,
12737,0,187,5101,t,t,f,,,
12738,0,187,1085,t,t,f,,,
12739,0,187,110,t,t,f,,,
12740,0,187,7334,t,t,f,,,
12741,0,187,7495,t,t,f,,,
12742,0,187,4811,t,t,f,,,
12743,0,187,7507,t,t,f,,,
12744,0,187,3285,t,t,f,,,
12745,0,187,392,t,t,f,,,
12746,0,187,7959,t,t,f,,,
12747,0,187,5044,t,t,f,,,
12748,0,187,2839,t,t,f,,,
12749,0,187,2185,t,t,f,,,
12750,0,187,3489,t,t,f,,,
12751,0,187,6741,t,t,f,,,
12752,0,187,4954,t,t,f,,,
13182,0,194,3003,t,t,f,,,
13183,0,194,879,t,t,f,,,
13184,0,194,5528,t,t,f,,,
13185,0,194,3615,t,t,f,,,
13186,0,194,7245,t,t,f,,,
13187,0,194,1798,t,t,f,,,
13188,0,194,418,t,t,f,,,
13189,0,194,2117,t,t,f,,,
13190,0,194,2966,t,t,f,,,
13191,0,194,7400,t,t,f,,,
13192,0,194,2286,t,t,f,,,
13193,0,194,4686,t,t,f,,,
13194,0,194,465,t,t,f,,,
13195,0,194,6585,t,t,f,,,
13196,0,194,6201,t,t,f,,,
13197,0,194,4613,t,t,f,,,
13198,0,194,7527,t,t,f,,,
13199,0,194,6370,t,t,f,,,
13200,0,194,1987,t,t,f,,,
13201,0,194,8104,t,t,f,,,
13202,0,194,2343,t,t,f,,,
13203,0,194,462,t,t,f,,,
13204,0,194,993,t,t,f,,,
13205,0,194,2430,t,t,f,,,
13206,0,194,7991,t,t,f,,,
13207,0,194,2937,t,t,f,,,
13208,0,194,1393,t,t,f,,,
13209,0,194,428,t,t,f,,,
13210,0,194,7840,t,t,f,,,
13211,0,194,937,t,t,f,,,
13212,0,194,595,t,t,f,,,
13213,0,194,4306,t,t,f,,,
13214,0,194,4212,t,t,f,,,
13215,0,194,650,t,t,f,,,
13216,0,194,6308,t,t,f,,,
13217,0,194,7002,t,t,f,,,
13218,0,194,1204,t,t,f,,,
13219,0,194,6699,t,t,f,,,
13220,0,194,1609,t,t,f,,,
13221,0,194,5296,t,t,f,,,
13222,0,194,4548,t,t,f,,,
13223,0,194,964,t,t,f,,,
13224,0,194,1811,t,t,f,,,
13225,0,194,241,t,t,f,,,
13226,0,194,2224,t,t,f,,,
13227,0,194,3861,t,t,f,,,
13228,0,194,1453,t,t,f,,,
13229,0,194,5639,t,t,f,,,
13230,0,194,6881,t,t,f,,,
13231,0,194,3727,t,t,f,,,
13232,0,194,5147,t,t,f,,,
13233,0,194,7795,t,t,f,,,
13234,0,194,3125,t,t,f,,,
13235,0,194,1239,t,t,f,,,
13236,0,194,3977,t,t,f,,,
13237,0,194,4123,t,t,f,,,
13238,0,194,5421,t,t,f,,,
13239,0,194,6922,t,t,f,,,
13240,0,194,4859,t,t,f,,,
13241,0,194,3521,t,t,f,,,
13242,0,194,2664,t,t,f,,,
13243,0,194,7845,t,t,f,,,
13244,0,194,418,t,t,f,,,
13245,0,194,7731,t,t,f,,,
13246,0,194,5836,t,t,f,,,
13247,0,194,1775,t,t,f,,,
13248,0,194,4045,t,t,f,,,
13249,0,194,5360,t,t,f,,,
13250,0,194,3027,t,t,f,,,
13251,0,194,3572,t,t,f,,,
